[{"model": "auth.permission", "pk": 1, "fields": {"name": "Can add log entry", "content_type": 1, "codename": "add_logentry"}}, {"model": "auth.permission", "pk": 2, "fields": {"name": "Can change log entry", "content_type": 1, "codename": "change_logentry"}}, {"model": "auth.permission", "pk": 3, "fields": {"name": "Can delete log entry", "content_type": 1, "codename": "delete_logentry"}}, {"model": "auth.permission", "pk": 4, "fields": {"name": "Can add group", "content_type": 2, "codename": "add_group"}}, {"model": "auth.permission", "pk": 5, "fields": {"name": "Can change group", "content_type": 2, "codename": "change_group"}}, {"model": "auth.permission", "pk": 6, "fields": {"name": "Can delete group", "content_type": 2, "codename": "delete_group"}}, {"model": "auth.permission", "pk": 7, "fields": {"name": "Can add permission", "content_type": 3, "codename": "add_permission"}}, {"model": "auth.permission", "pk": 8, "fields": {"name": "Can change permission", "content_type": 3, "codename": "change_permission"}}, {"model": "auth.permission", "pk": 9, "fields": {"name": "Can delete permission", "content_type": 3, "codename": "delete_permission"}}, {"model": "auth.permission", "pk": 10, "fields": {"name": "Can add user", "content_type": 4, "codename": "add_user"}}, {"model": "auth.permission", "pk": 11, "fields": {"name": "Can change user", "content_type": 4, "codename": "change_user"}}, {"model": "auth.permission", "pk": 12, "fields": {"name": "Can delete user", "content_type": 4, "codename": "delete_user"}}, {"model": "auth.permission", "pk": 13, "fields": {"name": "Can add content type", "content_type": 5, "codename": "add_contenttype"}}, {"model": "auth.permission", "pk": 14, "fields": {"name": "Can change content type", "content_type": 5, "codename": "change_contenttype"}}, {"model": "auth.permission", "pk": 15, "fields": {"name": "Can delete content type", "content_type": 5, "codename": "delete_contenttype"}}, {"model": "auth.permission", "pk": 16, "fields": {"name": "Can add session", "content_type": 6, "codename": "add_session"}}, {"model": "auth.permission", "pk": 17, "fields": {"name": "Can change session", "content_type": 6, "codename": "change_session"}}, {"model": "auth.permission", "pk": 18, "fields": {"name": "Can delete session", "content_type": 6, "codename": "delete_session"}}, {"model": "auth.permission", "pk": 19, "fields": {"name": "Can add site", "content_type": 7, "codename": "add_site"}}, {"model": "auth.permission", "pk": 20, "fields": {"name": "Can change site", "content_type": 7, "codename": "change_site"}}, {"model": "auth.permission", "pk": 21, "fields": {"name": "Can delete site", "content_type": 7, "codename": "delete_site"}}, {"model": "auth.permission", "pk": 22, "fields": {"name": "Can add flat page", "content_type": 8, "codename": "add_flatpage"}}, {"model": "auth.permission", "pk": 23, "fields": {"name": "Can change flat page", "content_type": 8, "codename": "change_flatpage"}}, {"model": "auth.permission", "pk": 24, "fields": {"name": "Can delete flat page", "content_type": 8, "codename": "delete_flatpage"}}, {"model": "auth.permission", "pk": 25, "fields": {"name": "Can add comment", "content_type": 9, "codename": "add_comment"}}, {"model": "auth.permission", "pk": 26, "fields": {"name": "Can change comment", "content_type": 9, "codename": "change_comment"}}, {"model": "auth.permission", "pk": 27, "fields": {"name": "Can delete comment", "content_type": 9, "codename": "delete_comment"}}, {"model": "auth.permission", "pk": 28, "fields": {"name": "Can moderate comments", "content_type": 9, "codename": "can_moderate"}}, {"model": "auth.permission", "pk": 29, "fields": {"name": "Can add comment flag", "content_type": 10, "codename": "add_commentflag"}}, {"model": "auth.permission", "pk": 30, "fields": {"name": "Can change comment flag", "content_type": 10, "codename": "change_commentflag"}}, {"model": "auth.permission", "pk": 31, "fields": {"name": "Can delete comment flag", "content_type": 10, "codename": "delete_commentflag"}}, {"model": "auth.permission", "pk": 32, "fields": {"name": "Can add source", "content_type": 11, "codename": "add_source"}}, {"model": "auth.permission", "pk": 33, "fields": {"name": "Can change source", "content_type": 11, "codename": "change_source"}}, {"model": "auth.permission", "pk": 34, "fields": {"name": "Can delete source", "content_type": 11, "codename": "delete_source"}}, {"model": "auth.permission", "pk": 35, "fields": {"name": "Can add thumbnail dimensions", "content_type": 12, "codename": "add_thumbnaildimensions"}}, {"model": "auth.permission", "pk": 36, "fields": {"name": "Can change thumbnail dimensions", "content_type": 12, "codename": "change_thumbnaildimensions"}}, {"model": "auth.permission", "pk": 37, "fields": {"name": "Can delete thumbnail dimensions", "content_type": 12, "codename": "delete_thumbnaildimensions"}}, {"model": "auth.permission", "pk": 38, "fields": {"name": "Can add thumbnail", "content_type": 13, "codename": "add_thumbnail"}}, {"model": "auth.permission", "pk": 39, "fields": {"name": "Can change thumbnail", "content_type": 13, "codename": "change_thumbnail"}}, {"model": "auth.permission", "pk": 40, "fields": {"name": "Can delete thumbnail", "content_type": 13, "codename": "delete_thumbnail"}}, {"model": "auth.permission", "pk": 41, "fields": {"name": "Can add Tagged Item", "content_type": 14, "codename": "add_taggeditem"}}, {"model": "auth.permission", "pk": 42, "fields": {"name": "Can change Tagged Item", "content_type": 14, "codename": "change_taggeditem"}}, {"model": "auth.permission", "pk": 43, "fields": {"name": "Can delete Tagged Item", "content_type": 14, "codename": "delete_taggeditem"}}, {"model": "auth.permission", "pk": 44, "fields": {"name": "Can add Tag", "content_type": 15, "codename": "add_tag"}}, {"model": "auth.permission", "pk": 45, "fields": {"name": "Can change Tag", "content_type": 15, "codename": "change_tag"}}, {"model": "auth.permission", "pk": 46, "fields": {"name": "Can delete Tag", "content_type": 15, "codename": "delete_tag"}}, {"model": "auth.permission", "pk": 47, "fields": {"name": "Can add blog article", "content_type": 16, "codename": "add_blogarticle"}}, {"model": "auth.permission", "pk": 48, "fields": {"name": "Can change blog article", "content_type": 16, "codename": "change_blogarticle"}}, {"model": "auth.permission", "pk": 49, "fields": {"name": "Can delete blog article", "content_type": 16, "codename": "delete_blogarticle"}}, {"model": "auth.permission", "pk": 50, "fields": {"name": "Can add good", "content_type": 17, "codename": "add_good"}}, {"model": "auth.permission", "pk": 51, "fields": {"name": "Can change good", "content_type": 17, "codename": "change_good"}}, {"model": "auth.permission", "pk": 52, "fields": {"name": "Can delete good", "content_type": 17, "codename": "delete_good"}}, {"model": "auth.permission", "pk": 53, "fields": {"name": "Can add category", "content_type": 18, "codename": "add_category"}}, {"model": "auth.permission", "pk": 54, "fields": {"name": "Can change category", "content_type": 18, "codename": "change_category"}}, {"model": "auth.permission", "pk": 55, "fields": {"name": "Can delete category", "content_type": 18, "codename": "delete_category"}}, {"model": "auth.permission", "pk": 56, "fields": {"name": "Can add Token", "content_type": 19, "codename": "add_token"}}, {"model": "auth.permission", "pk": 57, "fields": {"name": "Can change Token", "content_type": 19, "codename": "change_token"}}, {"model": "auth.permission", "pk": 58, "fields": {"name": "Can delete Token", "content_type": 19, "codename": "delete_token"}}, {"model": "auth.group", "pk": 1, "fields": {"name": "users", "permissions": [31, 35, 53, 54, 55, 50, 51, 52, 19]}}, {"model": "auth.group", "pk": 2, "fields": {"name": "staff", "permissions": [56, 57, 58, 13, 14, 15, 25, 26, 27, 31, 32, 33, 34, 38, 39, 40, 35, 36, 37, 22, 23, 24, 47, 48, 49, 53, 54, 55, 50, 51, 52, 19, 20, 21, 44, 45, 46, 41, 42, 43]}}, {"model": "auth.user", "pk": 1, "fields": {"password": "pbkdf2_sha256$36000$xUquUJT0ziy4$WvTx2fZ5o1bR2C9TE9citWi1qElOUq5QnI2CBsR71i4=", "last_login": "2017-10-19T20:48:39.510Z", "is_superuser": true, "username": "root", "first_name": "", "last_name": "", "email": "root@omg.om", "is_staff": true, "is_active": true, "date_joined": "2017-08-14T16:33:20.455Z", "groups": [], "user_permissions": []}}, {"model": "auth.user", "pk": 2, "fields": {"password": "pbkdf2_sha256$36000$8v1yJIJbVBGt$yoLWn2Gykpw5vd1SJlVryMyLCqhWk648oYclMPfm9nI=", "last_login": null, "is_superuser": false, "username": "qa_user", "first_name": "qa", "last_name": "qa", "email": "qa@qa.qa", "is_staff": false, "is_active": true, "date_joined": "2017-08-23T13:27:38Z", "groups": [1], "user_permissions": []}}, {"model": "auth.user", "pk": 3, "fields": {"password": "pbkdf2_sha256$36000$0LlGDbi3ZwTu$jUu0j1xyUDQXqssjalYHBwagoPlLpBURZICnHjfC0z0=", "last_login": null, "is_superuser": false, "username": "qa_staff", "first_name": "qa", "last_name": "qa", "email": "qa@qa.qa", "is_staff": false, "is_active": true, "date_joined": "2017-08-23T13:28:42Z", "groups": [2], "user_permissions": []}}, {"model": "auth.user", "pk": 4, "fields": {"password": "pbkdf2_sha256$36000$aotrdB5R2HId$9M3nNXReMuYNCpBgqQTB6EzzKC2gDWHl+TVK6PTaCus=", "last_login": "2017-10-19T14:24:49.725Z", "is_superuser": false, "username": "ro_user", "first_name": "", "last_name": "", "email": "", "is_staff": false, "is_active": true, "date_joined": "2017-10-19T14:22:26Z", "groups": [], "user_permissions": [54]}}, {"model": "auth.user", "pk": 5, "fields": {"password": "pbkdf2_sha256$36000$sqpSC8nKTUmw$0LqyZ4r+hSd9sIqZ1K+E7DZW5WPueYZ9VYeO3NGQf2s=", "last_login": null, "is_superuser": false, "username": "usert", "first_name": "", "last_name": "", "email": "", "is_staff": false, "is_active": true, "date_joined": "2017-10-20T18:11:15.182Z", "groups": [], "user_permissions": []}}, {"model": "sites.site", "pk": 1, "fields": {"domain": "example.com", "name": "example.com"}}, {"model": "flatpages.flatpage", "pk": 1, "fields": {"url": "/about/", "title": "\u041e \u0441\u0430\u0439\u0442\u0435", "content": "<p>\u0421\u0430\u0439\u0442 \u0440\u0430\u0437\u0440\u0430\u0431\u0430\u0442\u044b\u0432\u0430\u0435\u0442\u0441\u044f \u0432 \u0440\u0430\u043c\u043a\u0430\u0445 \u0438\u0437\u0443\u0447\u0435\u043d\u0438\u044f \u043a\u043d\u0438\u0433\u0438:</p>\r\n\"Django: \u043f\u0440\u0430\u043a\u0442\u0438\u043a\u0430 \u0441\u043e\u0437\u0434\u0430\u043d\u0438\u044f Web-\u0441\u0430\u0439\u0442\u043e\u0432 \u043d\u0430 Python\" (\u0412\u043b\u0430\u0434\u0438\u043c\u0438\u0440 \u0414\u0440\u043e\u043d\u043e\u0432)", "enable_comments": false, "template_name": "", "registration_required": false, "sites": [1]}}, {"model": "django_comments.comment", "pk": 3, "fields": {"content_type": 9, "object_pk": "10", "site": 1, "user": 1, "user_name": "root", "user_email": "root@omg.om", "user_url": "", "comment": "f", "submit_date": "2017-08-21T18:48:27.801Z", "ip_address": "192.168.1.59", "is_public": true, "is_removed": false}}, {"model": "easy_thumbnails.source", "pk": 1, "fields": {"storage_hash": "f9bde26a1556cd667f742bd34ec7c55e", "name": "goods/thumbnails/icons8-Bird_Filled.png", "modified": "2017-08-22T09:50:58.927Z"}}, {"model": "easy_thumbnails.source", "pk": 2, "fields": {"storage_hash": "f9bde26a1556cd667f742bd34ec7c55e", "name": "goods/thumbnails/default.png", "modified": "2017-08-22T09:50:59.150Z"}}, {"model": "easy_thumbnails.source", "pk": 3, "fields": {"storage_hash": "f9bde26a1556cd667f742bd34ec7c55e", "name": "goods/thumbnails/fork.png", "modified": "2017-08-22T09:54:18.723Z"}}, {"model": "easy_thumbnails.source", "pk": 4, "fields": {"storage_hash": "f9bde26a1556cd667f742bd34ec7c55e", "name": "goods/thumbnails/pepper.png", "modified": "2017-08-23T18:42:49.125Z"}}, {"model": "easy_thumbnails.source", "pk": 5, "fields": {"storage_hash": "f9bde26a1556cd667f742bd34ec7c55e", "name": "goods/thumbnails/cat-fridge-icon.png", "modified": "2017-08-23T18:42:51.181Z"}}, {"model": "easy_thumbnails.source", "pk": 6, "fields": {"storage_hash": "f9bde26a1556cd667f742bd34ec7c55e", "name": "goods/thumbnails/cpta_lan.png", "modified": "2017-10-17T20:13:13.098Z"}}, {"model": "easy_thumbnails.thumbnail", "pk": 1, "fields": {"storage_hash": "d26becbf46ac48eda79c7a39a13a02dd", "name": "thumbnails/goods/thumbnails/icons8-Bird_Filled.png.50x50_q85_crop-smart_detail.png", "modified": "2017-08-22T09:45:26.651Z", "source": 1}}, {"model": "easy_thumbnails.thumbnail", "pk": 2, "fields": {"storage_hash": "d26becbf46ac48eda79c7a39a13a02dd", "name": "thumbnails/goods/thumbnails/icons8-Bird_Filled.png.150x150_q85_crop-smart_detail.png", "modified": "2017-08-22T09:46:40.367Z", "source": 1}}, {"model": "easy_thumbnails.thumbnail", "pk": 3, "fields": {"storage_hash": "d26becbf46ac48eda79c7a39a13a02dd", "name": "thumbnails/goods/thumbnails/default.png.50x50_q85_crop-smart_detail.png", "modified": "2017-08-22T09:48:30.377Z", "source": 2}}, {"model": "easy_thumbnails.thumbnail", "pk": 4, "fields": {"storage_hash": "d26becbf46ac48eda79c7a39a13a02dd", "name": "thumbnails/goods/thumbnails/icons8-Bird_Filled.png.50x50_q85_detail.png", "modified": "2017-08-22T09:49:13.098Z", "source": 1}}, {"model": "easy_thumbnails.thumbnail", "pk": 5, "fields": {"storage_hash": "d26becbf46ac48eda79c7a39a13a02dd", "name": "thumbnails/goods/thumbnails/default.png.50x50_q85_detail.png", "modified": "2017-08-22T09:49:13.213Z", "source": 2}}, {"model": "easy_thumbnails.thumbnail", "pk": 6, "fields": {"storage_hash": "d26becbf46ac48eda79c7a39a13a02dd", "name": "thumbnails/goods/thumbnails/icons8-Bird_Filled.png.20x20_q85_crop-smart_detail.png", "modified": "2017-08-22T09:50:49.542Z", "source": 1}}, {"model": "easy_thumbnails.thumbnail", "pk": 7, "fields": {"storage_hash": "d26becbf46ac48eda79c7a39a13a02dd", "name": "thumbnails/goods/thumbnails/default.png.20x20_q85_crop-smart_detail.png", "modified": "2017-08-22T09:50:49.667Z", "source": 2}}, {"model": "easy_thumbnails.thumbnail", "pk": 8, "fields": {"storage_hash": "d26becbf46ac48eda79c7a39a13a02dd", "name": "thumbnails/goods/thumbnails/icons8-Bird_Filled.png.40x40_q85_crop-smart_detail.png", "modified": "2017-08-22T09:50:59.075Z", "source": 1}}, {"model": "easy_thumbnails.thumbnail", "pk": 9, "fields": {"storage_hash": "d26becbf46ac48eda79c7a39a13a02dd", "name": "thumbnails/goods/thumbnails/default.png.40x40_q85_crop-smart_detail.png", "modified": "2017-08-22T09:50:59.202Z", "source": 2}}, {"model": "easy_thumbnails.thumbnail", "pk": 10, "fields": {"storage_hash": "d26becbf46ac48eda79c7a39a13a02dd", "name": "thumbnails/goods/thumbnails/fork.png.40x40_q85_crop-smart_detail.jpg", "modified": "2017-08-22T09:54:18.779Z", "source": 3}}, {"model": "easy_thumbnails.thumbnail", "pk": 11, "fields": {"storage_hash": "d26becbf46ac48eda79c7a39a13a02dd", "name": "thumbnails/goods/thumbnails/pepper.png.40x40_q85_crop-smart_detail.png", "modified": "2017-08-23T18:42:49.190Z", "source": 4}}, {"model": "easy_thumbnails.thumbnail", "pk": 12, "fields": {"storage_hash": "d26becbf46ac48eda79c7a39a13a02dd", "name": "thumbnails/goods/thumbnails/cat-fridge-icon.png.40x40_q85_crop-smart_detail.png", "modified": "2017-08-23T18:42:51.243Z", "source": 5}}, {"model": "easy_thumbnails.thumbnail", "pk": 13, "fields": {"storage_hash": "d26becbf46ac48eda79c7a39a13a02dd", "name": "thumbnails/goods/thumbnails/cpta_lan.png.40x40_q85_crop-smart_detail.jpg", "modified": "2017-10-17T20:13:13.156Z", "source": 6}}, {"model": "taggit.tag", "pk": 1, "fields": {"name": "light", "slug": "light"}}, {"model": "taggit.tag", "pk": 2, "fields": {"name": "electro", "slug": "electro"}}, {"model": "taggit.tag", "pk": 3, "fields": {"name": "spice", "slug": "spice"}}, {"model": "taggit.tag", "pk": 4, "fields": {"name": "danger", "slug": "danger"}}, {"model": "taggit.taggeditem", "pk": 1, "fields": {"tag": 1, "content_type": 9, "object_id": 10}}, {"model": "taggit.taggeditem", "pk": 2, "fields": {"tag": 2, "content_type": 9, "object_id": 10}}, {"model": "taggit.taggeditem", "pk": 5, "fields": {"tag": 3, "content_type": 9, "object_id": 19}}, {"model": "taggit.taggeditem", "pk": 6, "fields": {"tag": 2, "content_type": 9, "object_id": 20}}, {"model": "taggit.taggeditem", "pk": 7, "fields": {"tag": 2, "content_type": 17, "object_id": 20}}, {"model": "page.category", "pk": 2, "fields": {"name": "badroom", "description": ".."}}, {"model": "page.category", "pk": 3, "fields": {"name": "hall", "description": "..."}}, {"model": "page.category", "pk": 4, "fields": {"name": "empty_cat", "description": "changed from api"}}, {"model": "page.category", "pk": 8, "fields": {"name": "from_api2", "description": "--------->>> changed from curl"}}, {"model": "page.good", "pk": 1, "fields": {"name": "glasses", "description": ".", "in_stock": true, "category": null, "thumbnail": "", "price": "0.00"}}, {"model": "page.good", "pk": 2, "fields": {"name": "knife", "description": ".", "in_stock": true, "category": null, "thumbnail": "", "price": "0.00"}}, {"model": "page.good", "pk": 3, "fields": {"name": "fork", "description": ".", "in_stock": true, "category": null, "thumbnail": "goods/thumbnails/fork.png", "price": "0.00"}}, {"model": "page.good", "pk": 5, "fields": {"name": "chair", "description": ".d", "in_stock": true, "category": null, "thumbnail": "", "price": "0.00"}}, {"model": "page.good", "pk": 7, "fields": {"name": "sofa", "description": "..", "in_stock": true, "category": 2, "thumbnail": "", "price": "0.00"}}, {"model": "page.good", "pk": 8, "fields": {"name": "picture", "description": "..", "in_stock": true, "category": 2, "thumbnail": "", "price": "0.00"}}, {"model": "page.good", "pk": 9, "fields": {"name": "tv", "description": "..", "in_stock": true, "category": 2, "thumbnail": "", "price": "0.00"}}, {"model": "page.good", "pk": 10, "fields": {"name": "bra", "description": ".", "in_stock": true, "category": null, "thumbnail": "goods/thumbnails/icons8-Bird_Filled.png", "price": "0.00"}}, {"model": "page.good", "pk": 11, "fields": {"name": "fireplace", "description": "...", "in_stock": false, "category": 3, "thumbnail": "", "price": "0.00"}}, {"model": "page.good", "pk": 12, "fields": {"name": "statue", "description": "...", "in_stock": true, "category": 3, "thumbnail": "", "price": "0.00"}}, {"model": "page.good", "pk": 13, "fields": {"name": "armchair", "description": "...", "in_stock": true, "category": 3, "thumbnail": "", "price": "0.00"}}, {"model": "page.good", "pk": 14, "fields": {"name": "flowers", "description": "...", "in_stock": true, "category": 3, "thumbnail": "", "price": "0.00"}}, {"model": "page.good", "pk": 15, "fields": {"name": "shelfs", "description": "...", "in_stock": true, "category": 3, "thumbnail": "", "price": "0.00"}}, {"model": "page.good", "pk": 16, "fields": {"name": "salt", "description": "spice", "in_stock": true, "category": null, "thumbnail": "", "price": "0.00"}}, {"model": "page.good", "pk": 17, "fields": {"name": "umbrella", "description": "traditional", "in_stock": true, "category": 3, "thumbnail": "", "price": "0.00"}}, {"model": "page.good", "pk": 19, "fields": {"name": "pepper", "description": "very hot", "in_stock": true, "category": null, "thumbnail": "goods/thumbnails/pepper.png", "price": "0.00"}}, {"model": "page.good", "pk": 20, "fields": {"name": "fridge", "description": "small", "in_stock": true, "category": null, "thumbnail": "goods/thumbnails/cat-fridge-icon.png", "price": "0.00"}}, {"model": "page.good", "pk": 22, "fields": {"name": "good_from_api", "description": "------------", "in_stock": true, "category": null, "thumbnail": "", "price": "2.50"}}, {"model": "admin.logentry", "pk": 1, "fields": {"action_time": "2017-08-15T13:41:01.241Z", "user": 1, "content_type": 8, "object_id": "1", "object_repr": "Category object", "action_flag": 1, "change_message": "[{\"added\": {}}]"}}, {"model": "admin.logentry", "pk": 2, "fields": {"action_time": "2017-08-15T13:41:35.915Z", "user": 1, "content_type": 8, "object_id": "2", "object_repr": "Category object", "action_flag": 1, "change_message": "[{\"added\": {}}]"}}, {"model": "admin.logentry", "pk": 3, "fields": {"action_time": "2017-08-15T13:42:03.514Z", "user": 1, "content_type": 8, "object_id": "3", "object_repr": "Category object", "action_flag": 1, "change_message": "[{\"added\": {}}]"}}, {"model": "admin.logentry", "pk": 4, "fields": {"action_time": "2017-08-15T13:42:28.810Z", "user": 1, "content_type": 9, "object_id": "1", "object_repr": "Good object", "action_flag": 1, "change_message": "[{\"added\": {}}]"}}, {"model": "admin.logentry", "pk": 5, "fields": {"action_time": "2017-08-15T13:48:54.439Z", "user": 1, "content_type": 9, "object_id": "2", "object_repr": "knife", "action_flag": 1, "change_message": "[{\"added\": {}}]"}}, {"model": "admin.logentry", "pk": 6, "fields": {"action_time": "2017-08-15T13:49:06.370Z", "user": 1, "content_type": 9, "object_id": "3", "object_repr": "fork", "action_flag": 1, "change_message": "[{\"added\": {}}]"}}, {"model": "admin.logentry", "pk": 7, "fields": {"action_time": "2017-08-15T13:49:17.360Z", "user": 1, "content_type": 9, "object_id": "4", "object_repr": "table", "action_flag": 1, "change_message": "[{\"added\": {}}]"}}, {"model": "admin.logentry", "pk": 8, "fields": {"action_time": "2017-08-15T13:49:21.912Z", "user": 1, "content_type": 9, "object_id": "4", "object_repr": "table", "action_flag": 2, "change_message": "[]"}}, {"model": "admin.logentry", "pk": 9, "fields": {"action_time": "2017-08-15T13:49:41.154Z", "user": 1, "content_type": 9, "object_id": "5", "object_repr": "chair", "action_flag": 1, "change_message": "[{\"added\": {}}]"}}, {"model": "admin.logentry", "pk": 10, "fields": {"action_time": "2017-08-15T13:49:52.300Z", "user": 1, "content_type": 9, "object_id": "6", "object_repr": "tea", "action_flag": 1, "change_message": "[{\"added\": {}}]"}}, {"model": "admin.logentry", "pk": 11, "fields": {"action_time": "2017-08-15T13:50:20.144Z", "user": 1, "content_type": 9, "object_id": "7", "object_repr": "sofa", "action_flag": 1, "change_message": "[{\"added\": {}}]"}}, {"model": "admin.logentry", "pk": 12, "fields": {"action_time": "2017-08-15T13:50:32.953Z", "user": 1, "content_type": 9, "object_id": "8", "object_repr": "picture", "action_flag": 1, "change_message": "[{\"added\": {}}]"}}, {"model": "admin.logentry", "pk": 13, "fields": {"action_time": "2017-08-15T13:50:44.179Z", "user": 1, "content_type": 9, "object_id": "9", "object_repr": "tv", "action_flag": 1, "change_message": "[{\"added\": {}}]"}}, {"model": "admin.logentry", "pk": 14, "fields": {"action_time": "2017-08-15T13:51:17.320Z", "user": 1, "content_type": 9, "object_id": "10", "object_repr": "bra", "action_flag": 1, "change_message": "[{\"added\": {}}]"}}, {"model": "admin.logentry", "pk": 15, "fields": {"action_time": "2017-08-15T13:51:43.544Z", "user": 1, "content_type": 9, "object_id": "11", "object_repr": "fireplace", "action_flag": 1, "change_message": "[{\"added\": {}}]"}}, {"model": "admin.logentry", "pk": 16, "fields": {"action_time": "2017-08-15T13:52:07.475Z", "user": 1, "content_type": 9, "object_id": "12", "object_repr": "statue", "action_flag": 1, "change_message": "[{\"added\": {}}]"}}, {"model": "admin.logentry", "pk": 17, "fields": {"action_time": "2017-08-15T13:52:37.697Z", "user": 1, "content_type": 9, "object_id": "13", "object_repr": "armchair", "action_flag": 1, "change_message": "[{\"added\": {}}]"}}, {"model": "admin.logentry", "pk": 18, "fields": {"action_time": "2017-08-15T13:52:52.767Z", "user": 1, "content_type": 9, "object_id": "14", "object_repr": "flowers", "action_flag": 1, "change_message": "[{\"added\": {}}]"}}, {"model": "admin.logentry", "pk": 19, "fields": {"action_time": "2017-08-15T13:53:07.518Z", "user": 1, "content_type": 9, "object_id": "15", "object_repr": "shelfs", "action_flag": 1, "change_message": "[{\"added\": {}}]"}}, {"model": "admin.logentry", "pk": 20, "fields": {"action_time": "2017-08-22T07:57:23.015Z", "user": 1, "content_type": 11, "object_id": "2", "object_repr": "ololo: todel...", "action_flag": 3, "change_message": ""}}, {"model": "admin.logentry", "pk": 21, "fields": {"action_time": "2017-08-22T07:57:23.175Z", "user": 1, "content_type": 11, "object_id": "1", "object_repr": "mean: ~...", "action_flag": 3, "change_message": ""}}, {"model": "admin.logentry", "pk": 22, "fields": {"action_time": "2017-08-22T08:17:11.148Z", "user": 1, "content_type": 13, "object_id": "1", "object_repr": "/about/ -- \u041e \u0441\u0430\u0439\u0442\u0435", "action_flag": 1, "change_message": "[{\"added\": {}}]"}}, {"model": "admin.logentry", "pk": 23, "fields": {"action_time": "2017-08-23T13:23:39.965Z", "user": 1, "content_type": 2, "object_id": "1", "object_repr": "users", "action_flag": 1, "change_message": "[{\"added\": {}}]"}}, {"model": "admin.logentry", "pk": 24, "fields": {"action_time": "2017-08-23T13:25:57.803Z", "user": 1, "content_type": 2, "object_id": "2", "object_repr": "staff", "action_flag": 1, "change_message": "[{\"added\": {}}]"}}, {"model": "admin.logentry", "pk": 25, "fields": {"action_time": "2017-08-23T13:27:38.453Z", "user": 1, "content_type": 4, "object_id": "2", "object_repr": "qa_user", "action_flag": 1, "change_message": "[{\"added\": {}}]"}}, {"model": "admin.logentry", "pk": 26, "fields": {"action_time": "2017-08-23T13:28:27.394Z", "user": 1, "content_type": 4, "object_id": "2", "object_repr": "qa_user", "action_flag": 2, "change_message": "[{\"changed\": {\"fields\": [\"first_name\", \"last_name\", \"email\"]}}]"}}, {"model": "admin.logentry", "pk": 27, "fields": {"action_time": "2017-08-23T13:28:42.178Z", "user": 1, "content_type": 4, "object_id": "3", "object_repr": "qa_staff", "action_flag": 1, "change_message": "[{\"added\": {}}]"}}, {"model": "admin.logentry", "pk": 28, "fields": {"action_time": "2017-08-23T13:29:10.012Z", "user": 1, "content_type": 4, "object_id": "3", "object_repr": "qa_staff", "action_flag": 2, "change_message": "[{\"changed\": {\"fields\": [\"first_name\", \"last_name\", \"email\"]}}]"}}, {"model": "admin.logentry", "pk": 29, "fields": {"action_time": "2017-10-13T11:48:48.434Z", "user": 1, "content_type": 18, "object_id": "4", "object_repr": "empty_cat", "action_flag": 1, "change_message": "[{\"added\": {}}]"}}, {"model": "admin.logentry", "pk": 30, "fields": {"action_time": "2017-10-19T14:22:26.749Z", "user": 1, "content_type": 4, "object_id": "4", "object_repr": "ro_user", "action_flag": 1, "change_message": "[{\"added\": {}}]"}}, {"model": "admin.logentry", "pk": 31, "fields": {"action_time": "2017-10-19T14:24:29.434Z", "user": 1, "content_type": 4, "object_id": "4", "object_repr": "ro_user", "action_flag": 2, "change_message": "[]"}}, {"model": "admin.logentry", "pk": 32, "fields": {"action_time": "2017-10-20T18:11:15.269Z", "user": 1, "content_type": 4, "object_id": "5", "object_repr": "usert", "action_flag": 1, "change_message": "[{\"added\": {}}]"}}]